Term,Frequency
JavaScript,1680
GitHub,19
Python,2694
Git,333
Node.js,348
Docker,532
React,1073
Visual Studio Code,0
jQuery,1
HTML5,354
PHP,244
Java,5618
Slack,504
MySQL,303
Google Analytics,0
NGINX,1
Gmail,0
npm,0
PostgreSQL,78
MongoDB,43
Postman,0
WordPress,21
Google Drive,0
TypeScript,169
Ubuntu,0
ES6,3
Stack Overflow,0
GitLab,0
Jenkins,50
Jira,71
AngularJS,3
Redis,146
CloudFlare,6
Kubernetes,512
Apache HTTP Server,0
Google Fonts,0
C#,202
Amazon S3,0
Vue.js,1
CSS 3,0
Amazon EC2,0
Trello,38
Visual Studio,3
Google Tag Manager,0
Font Awesome,0
Bitbucket,1
IntelliJ IDEA,0
Sass,2
Firebase,1
Django,181
Webpack,3
Google Maps,0
Sublime Text,0
Elasticsearch,42
React Native,194
jQuery UI,0
Ruby,321
GraphQL,78
VirtualBox,0
G Suite,0
ExpressJS,0
Redux,182
Laravel,0
Vim,0
Heroku,78
Android SDK,0
PyCharm,0
Spring Boot,7
Dropbox,227
Android Studio,1
Confluence,39
Kafka,49
AWS Lambda,0
Microsoft Azure,2
RabbitMQ,99
Mailchimp,0
ASP.NET,1
Kibana,0
Markdown,0
Docker Compose,0
Rails,122
ESLint,0
Flask,2
Notepad++,0
Amazon CloudFront,0
Ansible,33
Atom,1
Google Cloud Platform,293
New Relic,1
Xcode,0
PayPal,3
Modernizr,0
DigitalOcean,0
Yarn,0
GitHub Pages,0
Microsoft SQL Server,14
Babel,0
Swift,75
Terraform,29
SQLite,0
Skype,0
Stripe,0
Google AdSense,0
Apache Tomcat,0
Grafana,0
Amazon RDS,0
MariaDB,0
Selenium,60
Gradle,22
Debian,0
PhpStorm,0
Flutter,0
gulp,0
Amazon Route 53,0
Microsoft IIS,0
Amazon EC2 Container Service,0
Sentry,69
WebStorm,0
Kotlin,30
Socket.IO,0
CentOS,0
Travis CI,0
Google Compute Engine,0
Amazon CloudWatch,0
AWS Elastic Load Balancing (ELB),0
Material Design for Angular,0
CircleCI,1
Electron,275
Logstash,0
Vagrant,0
SourceTree,0
Twilio,0
OpenSSL,0
Ionic,1
Scala,1462
Objective-C,36
Google App Engine,0
Twilio SendGrid,0
Shopify,0
Asana,14
Varnish,0
Datadog,0
HubSpot,0
Amazon SES,0
InVision,20
Drupal,0
WooCommerce,0
Grunt,0
Symfony,0
Animate.css ,0
Memcached,0
Zendesk,7
Mailgun,0
Bower,0
RequireJS,0
Backbone.js,123
Slick,0
Handlebars.js,0
Intercom,0
Mixpanel,1
